{"name":"NRWTrigger_End","class":"BeamNGTrigger","persistentId":"44eed121-4fa3-4323-b56c-9ac232825823","__parent":"NRWGroup","position":[1907.0968,426.401764,350.104492],"luaFunction":"onBeamNGTrigger","scale":[6.77656269,6.77656269,6.77656269],"triggerType":"Sphere"}
{"name":"NRWTrigger_Start","class":"BeamNGTrigger","persistentId":"a5ba52bd-124d-417d-9f34-e5b06831dd3e","__parent":"NRWGroup","position":[-968.754089,-1785.03027,441.675507],"luaFunction":"onBeamNGTrigger","scale":[7.04902315,7.04902315,7.04902315],"triggerType":"Sphere"}
{"name":"NRWTrigger_Mid","class":"BeamNGTrigger","persistentId":"1d45d676-ebe6-47d5-8d40-a40b829ddd17","__parent":"NRWGroup","position":[-1879.85144,1765.98389,286.595215],"luaFunction":"onBeamNGTrigger","scale":[5.71543026,5.71543026,5.71543026],"triggerType":"Sphere"}
