{"name":"spawn_default","class":"SpawnSphere","persistentId":"31010003-0435-4da4-b94a-0899ac418d31","__parent":"PlayerDropPoints","position":[-1004.73102,-1729.7439,445.456238],"autoplaceOnSpawn":"0","dataBlock":"SpawnSphereMarker","enabled":"1","homingCount":"0","indoorWeight":"1","isAIControlled":"0","lockCount":"0","outdoorWeight":"1","radius":5,"rotationMatrix":[-0.723377943,-0.690452576,0,0.690452576,-0.723377943,0,0,0,1],"sphereWeight":"1"}
{"name":"spawn_tourist","class":"SpawnSphere","persistentId":"abbc99ae-d836-4193-ae21-c4e3c85d2834","__parent":"PlayerDropPoints","position":[186.976227,-890.995361,390.656097],"dataBlock":"SpawnSphereMarker","radius":1,"rotationMatrix":[0.886849999,0.462057233,0,-0.462057233,0.886849999,0,0,0,1],"spawnClass":"Player","sphereWeight0":"1"}
{"name":"spawn_gp","class":"SpawnSphere","persistentId":"230f6262-3e03-46db-ba62-b10db408961c","__parent":"PlayerDropPoints","position":[-1365.42212,-2262.14575,435.514191],"dataBlock":"SpawnSphereMarker","radius":1,"rotationMatrix":[0.707106769,-0.707106829,0,0.707106829,0.707106769,0,0,0,1],"spawnClass":"Player","sphereWeight0":"1"}
